vConTACT2											VirTaK													
Genome_with_tax	Best_match	Score	Genus	Family	Order	Class	preVC	VC status	VC	VC Size	Virus	Best match	Genus	Family	Order	Class	Blastn ANI	Blastp AAI	Domain Count Similarity	Kmer Similarity	CDS proportion	Length Proportion	Score	Prediction
KC292029|Haloarcula_californiae_tailed_virus_1-Hacavirus_HCTV1-Hacavirus-Druskaviridae-Thumleimavirales-Caudoviricetes-Uroviricota-Heunggongvirae-Duplodnaviria-Viruses-dsDNA	Halovirus~HVTV-1	197.3784742	Tredecimvirus	Druskaviridae	Thumleimavirales	Caudoviricetes	preVC_16	Clustered	VC_16_0	2	KC292029|Haloarcula_californiae_tailed_virus_1-Hacavirus_HCTV1-Hacavirus-Druskaviridae-Thumleimavirales-Caudoviricetes-Uroviricota-Heunggongvirae-Duplodnaviria-Viruses-dsDNA	KC117377|Haloarcula_vallismortis_tailed_virus_1-Tredecimvirus_HVTV1-Tredecimvirus-Druskaviridae-Thumleimavirales-Caudoviricetes-Uroviricota-Heunggongvirae-Duplodnaviria-Viruses-dsDNA	Tredecimvirus	Druskaviridae	Thumleimavirales	Caudoviricetes	0.797017917	0.396800523	0.746666667	0.939037797	0.91875	0.99091587	0.733252669	Closely related
KC821618|Cellulophaga_phage_phi10_1-Cebadecemvirus_phi10una-Cebadecemvirus-Assiduviridae--Caudoviricetes-Uroviricota-Heunggongvirae-Duplodnaviria-Viruses-dsDNA	Cellulophaga~phage~phi19:1	81.23225091	Cellubavirus	Assiduviridae	-	Caudoviricetes	preVC_195	Clustered	VC_195_0	2	KC821618|Cellulophaga_phage_phi10_1-Cebadecemvirus_phi10una-Cebadecemvirus-Assiduviridae--Caudoviricetes-Uroviricota-Heunggongvirae-Duplodnaviria-Viruses-dsDNA	KC821607|Cellulophaga_phage_phi19_1-Cellubavirus_phi19una-Cellubavirus-Assiduviridae--Caudoviricetes-Uroviricota-Heunggongvirae-Duplodnaviria-Viruses-dsDNA	Cellubavirus	Assiduviridae	-	Caudoviricetes	0.944201765	0.330009714	0.5	0.958984744	0.954545455	0.934147997	0.715973919	Closely related
KC821622|Cellulophaga_phage_phi46_3-Bacelvirus_phi46tres-Bacelvirus-Pachyviridae--Caudoviricetes-Uroviricota-Heunggongvirae-Duplodnaviria-Viruses-dsDNA	Cellulophaga~phage~phi13:2	177.1591488	Baltivirus	Pachyviridae	-	Caudoviricetes	preVC_194	Clustered	VC_194_0	5	KC821622|Cellulophaga_phage_phi46_3-Bacelvirus_phi46tres-Bacelvirus-Pachyviridae--Caudoviricetes-Uroviricota-Heunggongvirae-Duplodnaviria-Viruses-dsDNA	KC821633|Cellulophaga_phage_phi13_2-Baltivirus_phi13duo-Baltivirus-Pachyviridae--Caudoviricetes-Uroviricota-Heunggongvirae-Duplodnaviria-Viruses-dsDNA	Baltivirus	Pachyviridae	-	Caudoviricetes	0.951414054	0.66113982	0.75	0.983540227	0.917355372	0.991886076	0.847209568	Closely related
KC821624|Cellulophaga_phage_phi14_2-Akihdevirus_balticus-Akihdevirus-Steigviridae-Crassvirales-Caudoviricetes-Uroviricota-Heunggongvirae-Duplodnaviria-Viruses-dsDNA	Cellulophaga~phage~phi4:1	3.562032988	Lightbulbvirus	-	-	Caudoviricetes	preVC_199	Clustered	VC_199_0	2	KC821624|Cellulophaga_phage_phi14_2-Akihdevirus_balticus-Akihdevirus-Steigviridae-Crassvirales-Caudoviricetes-Uroviricota-Heunggongvirae-Duplodnaviria-Viruses-dsDNA	KC821632|Cellulophaga_phage_phi4_1-Lightbulbvirus_Cba41-Lightbulbvirus---Caudoviricetes-Uroviricota-Heunggongvirae-Duplodnaviria-Viruses-dsDNA	Lightbulbvirus	-	-	Caudoviricetes	0.956166	0.066937966	0.32	0.809446274	0.605128205	0.688431084	0.55612915	Related
KC292024|Haloarcula_hispanica_tailed_virus_2-Halohivirus_HHTV2-Halohivirus-Saparoviridae--Caudoviricetes-Uroviricota-Heunggongvirae-Duplodnaviria-Viruses-dsDNA	Halovirus~HCTV-2	63.28004627	Samsavirus	Saparoviridae	-	Caudoviricetes	preVC_290	Clustered	VC_290_0	2	KC292024|Haloarcula_hispanica_tailed_virus_2-Halohivirus_HHTV2-Halohivirus-Saparoviridae--Caudoviricetes-Uroviricota-Heunggongvirae-Duplodnaviria-Viruses-dsDNA	KC292028|Haloarcula_californiae_tailed_virus_2-Samsavirus_HCTV2-Samsavirus-Saparoviridae--Caudoviricetes-Uroviricota-Heunggongvirae-Duplodnaviria-Viruses-dsDNA	Samsavirus	Saparoviridae	-	Caudoviricetes	0.7675525	0.19799122	0.615384615	0.79713452	0.914634146	0.969645061	0.630815547	Related
JN564907|Burkholderia_phage_vB_BceS_AH2-Burkholderia_virus_AH2-Ahduovirus-Casjensviridae--Caudoviricetes-Uroviricota-Heunggongvirae-Duplodnaviria-Viruses-dsDNA	Burkholderia~phage~BcepNazgul	72.99947807	Nazgulvirus	Casjensviridae	-	Caudoviricetes	preVC_34	Clustered	VC_34_0	6	JN564907|Burkholderia_phage_vB_BceS_AH2-Burkholderia_virus_AH2-Ahduovirus-Casjensviridae--Caudoviricetes-Uroviricota-Heunggongvirae-Duplodnaviria-Viruses-dsDNA	AY357582|Burkholderia_phage_BcepNazgul-Burkholderia_virus_BcepNazgul-Nazgulvirus-Casjensviridae--Caudoviricetes-Uroviricota-Heunggongvirae-Duplodnaviria-Viruses-dsDNA	Nazgulvirus	Casjensviridae	-	Caudoviricetes	0.790765	0.158817051	0.755555556	0.950257112	0.91025641	0.989494532	0.677222675	Related
HG424323|Streptococcus_phage_20617-Brussowvirus_20617-Brussowvirus-Aliceevansviridae--Caudoviricetes-Uroviricota-Heunggongvirae-Duplodnaviria-Viruses-dsDNA	Streptococcus~phage~TP-J34	126.9074139	Brussowvirus	Aliceevansviridae	-	Caudoviricetes	preVC_111	Clustered	VC_111_0	9	HG424323|Streptococcus_phage_20617-Brussowvirus_20617-Brussowvirus-Aliceevansviridae--Caudoviricetes-Uroviricota-Heunggongvirae-Duplodnaviria-Viruses-dsDNA	HE861935|Streptococcus_phage_TP_J34-Brussowvirus_TPJ34-Brussowvirus-Aliceevansviridae--Caudoviricetes-Uroviricota-Heunggongvirae-Duplodnaviria-Viruses-dsDNA	Brussowvirus	Aliceevansviridae	-	Caudoviricetes	0.832628333	0.592479853	0.738095238	0.956165254	0.867647059	0.93454918	0.783280442	Closely related
AM419438|Halorubrum_virus_BJ1-Beejeyvirus_BJ1-Beejeyvirus-Graaviviridae-Kirjokansivirales-Caudoviricetes-Uroviricota-Heunggongvirae-Duplodnaviria-Viruses-dsDNA	Halorubrum~phage~CGphi46	43.62584797	Seejivirus	Graaviviridae	Kirjokansivirales	Caudoviricetes	preVC_11	Clustered	VC_11_0	2	AM419438|Halorubrum_virus_BJ1-Beejeyvirus_BJ1-Beejeyvirus-Graaviviridae-Kirjokansivirales-Caudoviricetes-Uroviricota-Heunggongvirae-Duplodnaviria-Viruses-dsDNA	HQ332141|Halorubrum_virus_CGphi46-Seejivirus_CGphi46-Seejivirus-Graaviviridae-Kirjokansivirales-Caudoviricetes-Uroviricota-Heunggongvirae-Duplodnaviria-Viruses-dsDNA	Seejivirus	Graaviviridae	Kirjokansivirales	Caudoviricetes	0.805536667	0.200104531	0.444444444	0.946068813	0.90625	0.941165338	0.628732963	Related
KJ473423|Acinetobacter_phage_vB_AbaP_Acibel007-Daemvirus_acibel007-Daemvirus-Autographiviridae--Caudoviricetes-Uroviricota-Heunggongvirae-Duplodnaviria-Viruses-dsDNA	Acinetobacter~phage~Petty	68.86670812	Pettyvirus	Autographiviridae	-	Caudoviricetes	preVC_44	Clustered	VC_44_0	11	KJ473423|Acinetobacter_phage_vB_AbaP_Acibel007-Daemvirus_acibel007-Daemvirus-Autographiviridae--Caudoviricetes-Uroviricota-Heunggongvirae-Duplodnaviria-Viruses-dsDNA	MH800200|Acinetobacter_phage_vB_AbaP_46_62_Aci07-Friunavirus_Aci07-Friunavirus-Autographiviridae--Caudoviricetes-Uroviricota-Heunggongvirae-Duplodnaviria-Viruses-dsDNA	Friunavirus	Autographiviridae	-	Caudoviricetes	0.93421	0.244508654	0.8	0.936454141	0.980769231	0.992403995	0.751957531	Closely related
DQ163914|Pseudomonas_phage_119X-Jamesmcgillvirus_jv119X-Jamesmcgillvirus-Fredfastierviridae--Caudoviricetes-Uroviricota-Heunggongvirae-Duplodnaviria-Viruses-dsDNA	Pseudomonas~phage~PaP2	159.3146548	Jamesmcgillvirus	Fredfastierviridae	-	Caudoviricetes	preVC_242	Clustered	VC_242_0	3	DQ163914|Pseudomonas_phage_119X-Jamesmcgillvirus_jv119X-Jamesmcgillvirus-Fredfastierviridae--Caudoviricetes-Uroviricota-Heunggongvirae-Duplodnaviria-Viruses-dsDNA	KU884563|Pseudomonas_phage_PaMx41-Jamesmcgillvirus_PaMx41-Jamesmcgillvirus-Fredfastierviridae--Caudoviricetes-Uroviricota-Heunggongvirae-Duplodnaviria-Viruses-dsDNA	Jamesmcgillvirus	Fredfastierviridae	-	Caudoviricetes	0.95195	0.93465451	1	0.987437967	0.980769231	0.997125776	0.966950033	Closely related
KT809302|Haloarcula_californiae_icosahedral_virus_1-Alphasphaerolipovirus_HCIV1-Alphasphaerolipovirus-Sphaerolipoviridae-Halopanivirales-Laserviricetes-Dividoviricota-Helvetiavirae-Varidnaviria-Viruses-dsDNA	Haloarcula~hispanica~virus~SH1	110.1874739	Alphasphaerolipovirus	Sphaerolipoviridae	Halopanivirales	Laserviricetes	preVC_289	Clustered	VC_289_0	5	KT809302|Haloarcula_californiae_icosahedral_virus_1-Alphasphaerolipovirus_HCIV1-Alphasphaerolipovirus-Sphaerolipoviridae-Halopanivirales-Laserviricetes-Dividoviricota-Helvetiavirae-Varidnaviria-Viruses-dsDNA	KC252997|Haloarcula_hispanica_PH1_virus-Alphasphaerolipovirus_PH1-Alphasphaerolipovirus-Sphaerolipoviridae-Halopanivirales-Laserviricetes-Dividoviricota-Helvetiavirae-Varidnaviria-Viruses-dsDNA	Alphasphaerolipovirus	Sphaerolipoviridae	Halopanivirales	Laserviricetes	0.812141111	0.502779111	1	0.923543281	0.955555556	0.896468033	0.807854819	Closely related
AJ635161|Pyrobaculum_spherical_virus-Alphaglobulovirus_PSV-Alphaglobulovirus-Globuloviridae------Viruses-dsDNA	Thermoproteus~tenax~spherical~virus~1	19.47357743	Alphaglobulovirus	Globuloviridae	-	-	preVC_8	Clustered	VC_8_0	2	AJ635161|Pyrobaculum_spherical_virus-Alphaglobulovirus_PSV-Alphaglobulovirus-Globuloviridae------Viruses-dsDNA	MK542821|Escherichia_phage_HZP2-Teseptimavirus_HZP2-Teseptimavirus-Autographiviridae--Caudoviricetes-Uroviricota-Heunggongvirae-Duplodnaviria-Viruses-dsDNA	Teseptimavirus	Autographiviridae	-	Caudoviricetes	0	0	0	0.800869007	0.979591837	0.87330498	0.24929027	Similar genomes
EF432053|Acidianus_bottle_shaped_virus-Bottigliavirus_ABV-Bottigliavirus-Ampullaviridae------Viruses-dsDNA	Acidianus~bottle-shaped~virus~2	120.0294716	Bottigliavirus	Ampullaviridae	-	-	preVC_37	Clustered	VC_37_0	4	EF432053|Acidianus_bottle_shaped_virus-Bottigliavirus_ABV-Bottigliavirus-Ampullaviridae------Viruses-dsDNA	KP282673|Acidianus_bottle_shaped_virus_2_strain_ABV2-Bottigliavirus_ABV2-Bottigliavirus-Ampullaviridae------Viruses-dsDNA	Bottigliavirus	Ampullaviridae	-		0.750065	0.542775778	0.666666667	0.931922505	0.977777778	0.949567481	0.74199172	Closely related
AJ414696|Sulfolobus_islandicus_rod_shaped_virus_1-Icerudivirus_SIRV1-Icerudivirus-Rudiviridae-Ligamenvirales-Tokiviricetes-Taleaviricota-Zilligvirae-Adnaviria-Viruses-dsDNA	Sulfolobus~islandicus~rod-shaped~virus~2	122.7643935	Icerudivirus	Rudiviridae	Ligamenvirales	Tokiviricetes	preVC_6	Clustered	VC_6_0	13	AJ414696|Sulfolobus_islandicus_rod_shaped_virus_1-Icerudivirus_SIRV1-Icerudivirus-Rudiviridae-Ligamenvirales-Tokiviricetes-Taleaviricota-Zilligvirae-Adnaviria-Viruses-dsDNA	AJ344259|Sulfolobus_islandicus_rod_shaped_virus_2-Icerudivirus_SIRV2-Icerudivirus-Rudiviridae-Ligamenvirales-Tokiviricetes-Taleaviricota-Zilligvirae-Adnaviria-Viruses-dsDNA	Icerudivirus	Rudiviridae	Ligamenvirales	Tokiviricetes	0.879845455	0.753290189	0.965517241	0.94741662	0.87037037	0.911368124	0.876283398	Closely related
KX349899|Bacillus_phage_Aurora-Claudivirus_aurora-Claudivirus-Salasmaviridae--Caudoviricetes-Uroviricota-Heunggongvirae-Duplodnaviria-Viruses-dsDNA	Bacillus~phage~Claudi	88.44158545	Claudivirus	Salasmaviridae	-	Caudoviricetes	preVC_64	Clustered	VC_64_0	5	KX349899|Bacillus_phage_Aurora-Claudivirus_aurora-Claudivirus-Salasmaviridae--Caudoviricetes-Uroviricota-Heunggongvirae-Duplodnaviria-Viruses-dsDNA	KX961631|Bacillus_phage_QCM11-Claudivirus_QCM11-Claudivirus-Salasmaviridae--Caudoviricetes-Uroviricota-Heunggongvirae-Duplodnaviria-Viruses-dsDNA	Claudivirus	Salasmaviridae	-	Caudoviricetes	0.933215333	0.76803122	1	0.976344003	0.976190476	0.994281108	0.919768675	Closely related
AB063393|Thermus_phage_IN93-Hukuchivirus_IN93-Hukuchivirus-Matshushitaviridae-Halopanivirales-Laserviricetes-Dividoviricota-Helvetiavirae-Varidnaviria-Viruses-dsDNA	Thermus~virus~P23-77	84.52495773	Hukuchivirus	Matshushitaviridae	Halopanivirales	Laserviricetes	preVC_0	Clustered	VC_0_0	3	AB063393|Thermus_phage_IN93-Hukuchivirus_IN93-Hukuchivirus-Matshushitaviridae-Halopanivirales-Laserviricetes-Dividoviricota-Helvetiavirae-Varidnaviria-Viruses-dsDNA	GQ403789|Thermus_phage_P23_77-Hukuchivirus_P2377-Hukuchivirus-Matshushitaviridae-Halopanivirales-Laserviricetes-Dividoviricota-Helvetiavirae-Varidnaviria-Viruses-dsDNA	Hukuchivirus	Matshushitaviridae	Halopanivirales	Laserviricetes	0.78023	0.380946905	0.428571429	0.914396462	0.857142857	0.869006325	0.648899127	Related
AY569307|Sulfolobus_turreted_icosahedral_virus_1-Sulfolobus_turreted_icosahedral_virus_1-Alphaturrivirus-Turriviridae-Belfryvirales-Tectiliviricetes-Preplasmiviricota-Bamfordvirae-Varidnaviria-Viruses-dsDNA	Sulfolobus~turreted~icosahedral~virus~2	84.93205603	Alphaturrivirus	Turriviridae	Belfryvirales	Tectiliviricetes	preVC_18	Clustered	VC_18_0	3	AY569307|Sulfolobus_turreted_icosahedral_virus_1-Sulfolobus_turreted_icosahedral_virus_1-Alphaturrivirus-Turriviridae-Belfryvirales-Tectiliviricetes-Preplasmiviricota-Bamfordvirae-Varidnaviria-Viruses-dsDNA	GU080336|Sulfolobus_turreted_icosahedral_virus_2-Sulfolobus_turreted_icosahedral_virus_2-Alphaturrivirus-Turriviridae-Belfryvirales-Tectiliviricetes-Preplasmiviricota-Bamfordvirae-Varidnaviria-Viruses-dsDNA	Alphaturrivirus	Turriviridae	Belfryvirales	Tectiliviricetes	0.740635	0.442411622	0.8	0.945230661	0.864864865	0.94106324	0.731540622	Closely related
X07234|sulfolobus_spindle_shaped_virus_1-Sulfolobus_spindle_shaped_virus_1-Alphafusellovirus-Fuselloviridae------Viruses-dsDNA	Sulfolobus~spindle-shaped~virus~2	42.57955719	Alphafusellovirus	Fuselloviridae	-	-	preVC_39	Clustered	VC_39_0	10	X07234|sulfolobus_spindle_shaped_virus_1-Sulfolobus_spindle_shaped_virus_1-Alphafusellovirus-Fuselloviridae------Viruses-dsDNA	EU030938|sulfolobus_spindle_shaped_virus_4-Sulfolobus_spindle_shaped_virus_4-Alphafusellovirus-Fuselloviridae------Viruses-dsDNA	Alphafusellovirus	Fuselloviridae	-		0.76333	0.364037714	0.866666667	0.912531869	0.787878788	0.978661494	0.721849996	Closely related
MH447526|Sulfolobus_filamentous_virus_1-Alphalipothrixvirus_SFV1-Alphalipothrixvirus-Lipothrixviridae-Ligamenvirales-Tokiviricetes-Taleaviricota-Zilligvirae-Adnaviria-Viruses-dsDNA	Acidianus~filamentous~virus~7	6.512118519	Betalipothrixvirus	Lipothrixviridae	Ligamenvirales	Tokiviricetes	-	Outlier	-	-	MH447526|Sulfolobus_filamentous_virus_1-Alphalipothrixvirus_SFV1-Alphalipothrixvirus-Lipothrixviridae-Ligamenvirales-Tokiviricetes-Taleaviricota-Zilligvirae-Adnaviria-Viruses-dsDNA	AM087122|Acidianus_filamentous_virus_7-Acidianus_filamentous_virus_7-Betalipothrixvirus-Lipothrixviridae-Ligamenvirales-Tokiviricetes-Taleaviricota-Zilligvirae-Adnaviria-Viruses-dsDNA	Betalipothrixvirus	Lipothrixviridae	Ligamenvirales	Tokiviricetes	0	0.023399219	0.363636364	0.872944411	0.919354839	0.988850473	0.334187378	Distantly related
X60322|Escherichia_phage_alpha3-Alphatrevirus_alpha3-Alphatrevirus-Microviridae-Petitvirales-Malgrandaviricetes-Phixviricota-Sangervirae-Monodnaviria-Viruses-ssDNA	Enterobacteria~phage~WA13~sensu~lato	14.98611249	Alphatrevirus	Microviridae	Petitvirales	Malgrandaviricetes	preVC_245	Clustered	VC_245_0	9	X60322|Escherichia_phage_alpha3-Alphatrevirus_alpha3-Alphatrevirus-Microviridae-Petitvirales-Malgrandaviricetes-Phixviricota-Sangervirae-Monodnaviria-Viruses-ssDNA	X60323|Escherichia_phage_phiK-Alphatrevirus_phiK-Alphatrevirus-Microviridae-Petitvirales-Malgrandaviricetes-Phixviricota-Sangervirae-Monodnaviria-Viruses-ssDNA	Alphatrevirus	Microviridae	Petitvirales	Malgrandaviricetes	0.90341	0.803572	1	0.94494659	0.9	0.999671539	0.908230062	Closely related
GU321093|Haloarcula_hispanica_pleomorphic_virus_1-Alphapleolipovirus_HHPV1-Alphapleolipovirus-Pleolipoviridae-Haloruvirales-Huolimaviricetes-Saleviricota-Trapavirae-Monodnaviria-Viruses-dsDNA	Haloarcula~hispanica~pleomorphic~virus~2	20.62825016	Alphapleolipovirus	Pleolipoviridae	Haloruvirales	Huolimaviricetes	preVC_262	Clustered	VC_262_0	3	GU321093|Haloarcula_hispanica_pleomorphic_virus_1-Alphapleolipovirus_HHPV1-Alphapleolipovirus-Pleolipoviridae-Haloruvirales-Huolimaviricetes-Saleviricota-Trapavirae-Monodnaviria-Viruses-dsDNA	KF056323|Haloarcula_hispanica_pleomorphic_virus_2-Alphapleolipovirus_HHPV2-Alphapleolipovirus-Pleolipoviridae-Haloruvirales-Huolimaviricetes-Saleviricota-Trapavirae-Monodnaviria-Viruses-ssDNA	Alphapleolipovirus	Pleolipoviridae	Haloruvirales	Huolimaviricetes	0.826735	0.61047	1	0.917548609	1	0.988502935	0.845424227	Closely related
MN850594|Escherichia_phage_flopper-Carltongylesvirus_flopper-Carltongylesvirus-Chaseviridae--Caudoviricetes-Uroviricota-Heunggongvirae-Duplodnaviria-Viruses-dsDNA	Enterobacteria~phage~phiEcoM-GJ1	181.3568137	Carltongylesvirus	Chaseviridae	-	Caudoviricetes	preVC_73	Clustered	VC_73_0	4	MN850594|Escherichia_phage_flopper-Carltongylesvirus_flopper-Carltongylesvirus-Chaseviridae--Caudoviricetes-Uroviricota-Heunggongvirae-Duplodnaviria-Viruses-dsDNA	MF044458|Escherichia_phage_ST32-Carltongylesvirus_ST32-Carltongylesvirus-Chaseviridae--Caudoviricetes-Uroviricota-Heunggongvirae-Duplodnaviria-Viruses-dsDNA	Carltongylesvirus	Chaseviridae	-	Caudoviricetes	0.944486522	0.875318472	1	0.984122155	0.923076923	0.981164771	0.943961742	Closely related
KU356689|Pseudomonas_phage_ZC01-Abidjanvirus_ZC01-Abidjanvirus-Mesyanzhinovviridae--Caudoviricetes-Uroviricota-Heunggongvirae-Duplodnaviria-Viruses-dsDNA	Pseudomonas~phage~vB_PaeS_PAO1_Ab18	234.743967	Abidjanvirus	Mesyanzhinovviridae	-	Caudoviricetes	-	Overlap (VC_25/VC_169)	-	-	KU356689|Pseudomonas_phage_ZC01-Abidjanvirus_ZC01-Abidjanvirus-Mesyanzhinovviridae--Caudoviricetes-Uroviricota-Heunggongvirae-Duplodnaviria-Viruses-dsDNA	LN610577|Pseudomonas_phage_vB_PaeS_PAO1_Ab18-Pseudomonas_virus_Ab18-Abidjanvirus-Mesyanzhinovviridae--Caudoviricetes-Uroviricota-Heunggongvirae-Duplodnaviria-Viruses-dsDNA	Abidjanvirus	Mesyanzhinovviridae	-	Caudoviricetes	0.945942857	0.928574026	0.972222222	0.98993946	0.987012987	0.990816845	0.959146541	Closely related
MH779501|Gordonia_phage_Emianna-Foxborovirus_emianna-Foxborovirus-Zierdtviridae--Caudoviricetes-Uroviricota-Heunggongvirae-Duplodnaviria-Viruses-dsDNA	Gordonia~phage~GTE8	231.6781181	Foxborovirus	Zierdtviridae	-	Caudoviricetes	preVC_221	Clustered	VC_221_0	4	MH779501|Gordonia_phage_Emianna-Foxborovirus_emianna-Foxborovirus-Zierdtviridae--Caudoviricetes-Uroviricota-Heunggongvirae-Duplodnaviria-Viruses-dsDNA	MH727547|Gordonia_phage_Foxboro-Foxborovirus_foxboro-Foxborovirus-Zierdtviridae--Caudoviricetes-Uroviricota-Heunggongvirae-Duplodnaviria-Viruses-dsDNA	Foxborovirus	Zierdtviridae	-	Caudoviricetes	0.965643333	0.927318778	1	0.99187243	0.977777778	0.993884734	0.96931007	Closely related
MT732432|Cellulophaga_phage_Calle_1-Callevirus_Calle-Callevirus-Pervagoviridae--Caudoviricetes-Uroviricota-Heunggongvirae-Duplodnaviria-Viruses-dsDNA	Cellulophaga~phage~phi38:1	239.9640152	Callevirus	Pervagoviridae	-	Caudoviricetes	preVC_201	Clustered	VC_201_0	2	MT732432|Cellulophaga_phage_Calle_1-Callevirus_Calle-Callevirus-Pervagoviridae--Caudoviricetes-Uroviricota-Heunggongvirae-Duplodnaviria-Viruses-dsDNA	KC821614|Cellulophaga_phage_phi38_1-Callevirus_phi38una-Callevirus-Pervagoviridae--Caudoviricetes-Uroviricota-Heunggongvirae-Duplodnaviria-Viruses-dsDNA	Callevirus	Pervagoviridae	-	Caudoviricetes	0.94069	0.857734227	0.933333333	0.986577965	1	0.993902355	0.934275272	Closely related
MF448340|Aeromonas_phage_AS_zj-Ceceduovirus_aszj-Ceceduovirus-Straboviridae--Caudoviricetes-Uroviricota-Heunggongvirae-Duplodnaviria-Viruses-dsDNA	Aeromonas~phage~CC2	300	Ceceduovirus	Straboviridae	-	Caudoviricetes	-	Overlap (VC_51/VC_52)	-	-	MF448340|Aeromonas_phage_AS_zj-Ceceduovirus_aszj-Ceceduovirus-Straboviridae--Caudoviricetes-Uroviricota-Heunggongvirae-Duplodnaviria-Viruses-dsDNA	JX123262|Aeromonas_phage_CC2-Ceceduovirus_cc2-Ceceduovirus-Straboviridae--Caudoviricetes-Uroviricota-Heunggongvirae-Duplodnaviria-Viruses-dsDNA	Ceceduovirus	Straboviridae	-	Caudoviricetes	0.919405781	0.866396682	0.98630137	0.99203258	0.964871194	0.992172363	0.937696956	Closely related
MW343794|Cronobacter_phage_A24-Crifsvirus_A24-Crifsvirus-Grimontviridae--Caudoviricetes-Uroviricota-Heunggongvirae-Duplodnaviria-Viruses-dsDNA	Cronobacter~phage~vB_CsaP_GAP52	300	Crifsvirus	Grimontviridae	-	Caudoviricetes	preVC_237	Clustered	VC_237_0	3	MW343794|Cronobacter_phage_A24-Crifsvirus_A24-Crifsvirus-Grimontviridae--Caudoviricetes-Uroviricota-Heunggongvirae-Duplodnaviria-Viruses-dsDNA	JN882286|Cronobacter_phage_vB_CsaP_GAP52-Crifsvirus_GAP52-Crifsvirus-Grimontviridae--Caudoviricetes-Uroviricota-Heunggongvirae-Duplodnaviria-Viruses-dsDNA	Crifsvirus	Grimontviridae	-	Caudoviricetes	0.890986842	0.904956577	0.948717949	0.984373661	0.973214286	0.980099438	0.930724987	Closely related
AY190604|Halophage_HF1-Haloferacalesvirus_HF1-Haloferacalesvirus-Hafunaviridae-Thumleimavirales-Caudoviricetes-Uroviricota-Heunggongvirae-Duplodnaviria-Viruses-dsDNA	Halovirus~HRTV-8	299.4942086	Haloferacalesvirus	Hafunaviridae	Thumleimavirales	Caudoviricetes	preVC_15	Clustered	VC_15_0	5	AY190604|Halophage_HF1-Haloferacalesvirus_HF1-Haloferacalesvirus-Hafunaviridae-Thumleimavirales-Caudoviricetes-Uroviricota-Heunggongvirae-Duplodnaviria-Viruses-dsDNA	KC292022|Halorubrum_tailed_phage_5-Haloferacalesvirus_HRTV5-Haloferacalesvirus-Hafunaviridae-Thumleimavirales-Caudoviricetes-Uroviricota-Heunggongvirae-Duplodnaviria-Viruses-dsDNA	Haloferacalesvirus	Hafunaviridae	Thumleimavirales	Caudoviricetes	0.879297692	0.810456607	1	0.979753463	0.982142857	0.996900202	0.915643595	Closely related
JX238501|Bacillus_phage_phiAGATE-Agatevirus_agate-Agatevirus-Herelleviridae--Caudoviricetes-Uroviricota-Heunggongvirae-Duplodnaviria-Viruses-dsDNA	Bacillus~phage~Bobb	300	Agatevirus	Herelleviridae	-	Caudoviricetes	-	Overlap (VC_97/VC_98)	-	-	JX238501|Bacillus_phage_phiAGATE-Agatevirus_agate-Agatevirus-Herelleviridae--Caudoviricetes-Uroviricota-Heunggongvirae-Duplodnaviria-Viruses-dsDNA	KJ010547|Bacillus_phage_Bp8p_C-Agatevirus_Bp8pC-Agatevirus-Herelleviridae--Caudoviricetes-Uroviricota-Heunggongvirae-Duplodnaviria-Viruses-dsDNA	Agatevirus	Herelleviridae	-	Caudoviricetes	0.84390902	0.627924848	0.930693069	0.980332277	0.938864629	0.98961147	0.844485152	Closely related
AF189021|Roseobacter_phage_SIO1-Siovirus_americense-Siovirus-Zobellviridae--Caudoviricetes-Uroviricota-Heunggongvirae-Duplodnaviria-Viruses-dsDNA	Celeribacter~phage~P12053L	115.4189609	Siovirus	Zobellviridae	-	Caudoviricetes	preVC_1	Clustered	VC_1_0	3	AF189021|Roseobacter_phage_SIO1-Siovirus_americense-Siovirus-Zobellviridae--Caudoviricetes-Uroviricota-Heunggongvirae-Duplodnaviria-Viruses-dsDNA	MF431617|Lentibacter_phage_vB_LenP_ICBM1-Siovirus_germanense-Siovirus-Zobellviridae--Caudoviricetes-Uroviricota-Heunggongvirae-Duplodnaviria-Viruses-dsDNA	Siovirus	Zobellviridae	-	Caudoviricetes	0.861492143	0.670366774	0.896551724	0.967450926	0.964285714	0.993401887	0.853872368	Closely related
AY848686|Enterobacteria_phage_PR4-Alphatectivirus_PR4-Alphatectivirus-Tectiviridae-Kalamavirales-Tectiliviricetes-Preplasmiviricota-Bamfordvirae-Varidnaviria-Viruses-dsDNA	Salmonella~virus~PRD1	81.69172584	Alphatectivirus	Tectiviridae	Kalamavirales	Tectiliviricetes	preVC_19	Clustered	VC_19_0	2	AY848686|Enterobacteria_phage_PR4-Alphatectivirus_PR4-Alphatectivirus-Tectiviridae-Kalamavirales-Tectiliviricetes-Preplasmiviricota-Bamfordvirae-Varidnaviria-Viruses-dsDNA	AY848689|Enterobacteria_phage_PRD1-Alphatectivirus_PRD1-Alphatectivirus-Tectiviridae-Kalamavirales-Tectiliviricetes-Preplasmiviricota-Bamfordvirae-Varidnaviria-Viruses-dsDNA	Alphatectivirus	Tectiviridae	Kalamavirales	Tectiliviricetes	0.920485	0.90905931	1	0.975866109	1	0.998194463	0.952095207	Closely related
MH999279|Clostridium_phage_CPD2-Gregsiragusavirus_CPD2-Gregsiragusavirus-Guelinviridae--Caudoviricetes-Uroviricota-Heunggongvirae-Duplodnaviria-Viruses-dsDNA	Clostridium~phage~phi24R	66.92584494	Gregsiragusavirus	Guelinviridae	-	Caudoviricetes	preVC_218	Clustered	VC_218_0	2	MH999279|Clostridium_phage_CPD2-Gregsiragusavirus_CPD2-Gregsiragusavirus-Guelinviridae--Caudoviricetes-Uroviricota-Heunggongvirae-Duplodnaviria-Viruses-dsDNA	KY996523|Clostridium_phage_CPS1-Gregsiragusavirus_CPS1-Gregsiragusavirus-Guelinviridae--Caudoviricetes-Uroviricota-Heunggongvirae-Duplodnaviria-Viruses-dsDNA	Gregsiragusavirus	Guelinviridae	-	Caudoviricetes	0.92190125	0.801637083	0.941176471	0.96629575	0.88	0.95405731	0.900821112	Closely related
MG966533|Pseudoalteromonas_phage_Cr39582-Corticovirus_Cr39582-Corticovirus-Corticoviridae-Vinavirales-Tectiliviricetes-Preplasmiviricota-Bamfordvirae-Varidnaviria-Viruses-dsDNA	Pseudoalteromonas~phage~PM2	59.43976607	Corticovirus	Corticoviridae	Vinavirales	Tectiliviricetes	preVC_299	Clustered	VC_299_0	2	MG966533|Pseudoalteromonas_phage_Cr39582-Corticovirus_Cr39582-Corticovirus-Corticoviridae-Vinavirales-Tectiliviricetes-Preplasmiviricota-Bamfordvirae-Varidnaviria-Viruses-dsDNA	AF155037|Pseudoalteromonas_phage_PM2-Corticovirus_PM2-Corticovirus-Corticoviridae-Vinavirales-Tectiliviricetes-Preplasmiviricota-Bamfordvirae-Varidnaviria-Viruses-dsDNA	Corticovirus	Corticoviridae	Vinavirales	Tectiliviricetes	0.9128575	0.891437895	0.857142857	0.955995546	1	0.95228647	0.913484715	Closely related
FJ373894|Shigella_phage_phiSboM_AG3-Agtrevirus_AG3-Agtrevirus-Ackermannviridae--Caudoviricetes-Uroviricota-Heunggongvirae-Duplodnaviria-Viruses-dsDNA	Dickeya~phage~RC-2014	300	Limestonevirus	Ackermannviridae	-	Caudoviricetes	preVC_190	Clustered	VC_190_1	20	FJ373894|Shigella_phage_phiSboM_AG3-Agtrevirus_AG3-Agtrevirus-Ackermannviridae--Caudoviricetes-Uroviricota-Heunggongvirae-Duplodnaviria-Viruses-dsDNA	MT078988|Salmonella_phage_P46FS4-Agtrevirus_P46FS4-Agtrevirus-Ackermannviridae--Caudoviricetes-Uroviricota-Heunggongvirae-Duplodnaviria-Viruses-dsDNA	Agtrevirus	Ackermannviridae	-	Caudoviricetes	0.955834103	0.861848512	0.974025974	0.992504089	0.976525822	0.995589329	0.946024015	Closely related
KF156340|Synechococcus_phage_S_MbCM100-Acionnavirus_monteraybay-Acionnavirus-Kyanoviridae--Caudoviricetes-Uroviricota-Heunggongvirae-Duplodnaviria-Viruses-dsDNA	Cyanophage~S-RIM50	300	Neptunevirus	Kyanoviridae	-	Caudoviricetes	preVC_188	Clustered	VC_188_3	6	KF156340|Synechococcus_phage_S_MbCM100-Acionnavirus_monteraybay-Acionnavirus-Kyanoviridae--Caudoviricetes-Uroviricota-Heunggongvirae-Duplodnaviria-Viruses-dsDNA	KJ019133|Synechococcus_phage_ACG_2014b-Nereusvirus_tusconc4-Nereusvirus-Kyanoviridae--Caudoviricetes-Uroviricota-Heunggongvirae-Duplodnaviria-Viruses-dsDNA	Nereusvirus	Kyanoviridae	-	Caudoviricetes	0.867111333	0.659275534	0.913580247	0.978217683	0.928909953	0.985908812	0.853892782	Closely related
MG649966|Vibrio_phage_Ceto-Cetovirus_ceto-Cetovirus-Demerecviridae--Caudoviricetes-Uroviricota-Heunggongvirae-Duplodnaviria-Viruses-dsDNA	Vibrio~phage~pVp-1	300	Vipunavirus	Demerecviridae	-	Caudoviricetes	preVC_259	Clustered	VC_259_0	2	MG649966|Vibrio_phage_Ceto-Cetovirus_ceto-Cetovirus-Demerecviridae--Caudoviricetes-Uroviricota-Heunggongvirae-Duplodnaviria-Viruses-dsDNA	MT460516|Vibrio_phage_Quinn-Thalassavirus_quinn-Thalassavirus-Demerecviridae--Caudoviricetes-Uroviricota-Heunggongvirae-Duplodnaviria-Viruses-dsDNA	Thalassavirus	Demerecviridae	-	Caudoviricetes	0.865190286	0.604048349	0.917431193	0.978825331	0.989247312	0.995656615	0.847225498	Closely related
MN988532|Rhizobium_phage_RHph_I1_9-Trinifflemingvirus_I19-Trinifflemingvirus-Pootjesviridae--Caudoviricetes-Uroviricota-Heunggongvirae-Duplodnaviria-Viruses-dsDNA	Rhizobium~phage~vB_RleM_P10VF	300	Innesvirus	Pootjesviridae	-	Caudoviricetes	preVC_191	Clustered	VC_191_0	2	MN988532|Rhizobium_phage_RHph_I1_9-Trinifflemingvirus_I19-Trinifflemingvirus-Pootjesviridae--Caudoviricetes-Uroviricota-Heunggongvirae-Duplodnaviria-Viruses-dsDNA	MN988534|Rhizobium_phage_RHph_N34-Trinifflemingvirus_N34-Trinifflemingvirus-Pootjesviridae--Caudoviricetes-Uroviricota-Heunggongvirae-Duplodnaviria-Viruses-dsDNA	Trinifflemingvirus	Pootjesviridae	-	Caudoviricetes	0.911392791	0.79050966	0.939130435	0.987360841	1	0.997438491	0.911283229	Closely related
MT711976|Streptomyces_phage_Coruscant-Coruscantvirus_coruscant-Coruscantvirus-Stanwilliamsviridae--Caudoviricetes-Uroviricota-Heunggongvirae-Duplodnaviria-Viruses-dsDNA	Streptomyces~phage~Jay2Jay	234.6553269	Samistivirus	Stanwilliamsviridae	-	Caudoviricetes	preVC_304	Clustered	VC_304_0	2	MT711976|Streptomyces_phage_Coruscant-Coruscantvirus_coruscant-Coruscantvirus-Stanwilliamsviridae--Caudoviricetes-Uroviricota-Heunggongvirae-Duplodnaviria-Viruses-dsDNA	KM652554|Streptomyces_phage_Jay2jay-Samistivirus_jay2jay-Samistivirus-Stanwilliamsviridae--Caudoviricetes-Uroviricota-Heunggongvirae-Duplodnaviria-Viruses-dsDNA	Samistivirus	Stanwilliamsviridae	-	Caudoviricetes	0.818215	0.261600201	0.871287129	0.947609104	0.881632653	0.998758387	0.728918596	Closely related
MH576973|Mycobacterium_phage_Bromden-Bromdenvirus_bromden-Bromdenvirus-Vilmaviridae--Caudoviricetes-Uroviricota-Heunggongvirae-Duplodnaviria-Viruses-dsDNA	Mycobacterium~phage~Archie	201.6804206	Faithunavirus	Vilmaviridae	-	Caudoviricetes	preVC_300	Clustered	VC_300_0	10	MH576973|Mycobacterium_phage_Bromden-Bromdenvirus_bromden-Bromdenvirus-Vilmaviridae--Caudoviricetes-Uroviricota-Heunggongvirae-Duplodnaviria-Viruses-dsDNA	MN234187|Mycobacterium_phage_DyoEdafos-Bromdenvirus_dyoedafos-Bromdenvirus-Vilmaviridae--Caudoviricetes-Uroviricota-Heunggongvirae-Duplodnaviria-Viruses-dsDNA	Bromdenvirus	Vilmaviridae	-	Caudoviricetes	0.863890625	0.725674434	0.862068966	0.949094035	0.8125	0.904816543	0.839861449	Closely related
MK372342|Escherichia_phage_vB_EcoS_IME542-Christensenvirus_IME542-Christensenvirus-Drexlerviridae--Caudoviricetes-Uroviricota-Heunggongvirae-Duplodnaviria-Viruses-dsDNA	Escherichia~virus~Rtp	153.9719952	Rtpvirus	Drexlerviridae	-	Caudoviricetes	preVC_211	Clustered	VC_211_0	26	MK372342|Escherichia_phage_vB_EcoS_IME542-Christensenvirus_IME542-Christensenvirus-Drexlerviridae--Caudoviricetes-Uroviricota-Heunggongvirae-Duplodnaviria-Viruses-dsDNA	MG050172|Escherichia_phage_DTL-Loudonvirus_DTL-Loudonvirus-Drexlerviridae--Caudoviricetes-Uroviricota-Heunggongvirae-Duplodnaviria-Viruses-dsDNA	Loudonvirus	Drexlerviridae	-	Caudoviricetes	0.831495556	0.637625455	0.965517241	0.974285683	0.96	0.98412562	0.850769154	Closely related
KP966108|Burkholderia_phage_AP3-Aptresvirus_AP3-Aptresvirus-Peduoviridae--Caudoviricetes-Uroviricota-Heunggongvirae-Duplodnaviria-Viruses-dsDNA	Burkholderia~phage~KS5	97.93987794	Kisquinquevirus	Peduoviridae	-	Caudoviricetes	preVC_78	Clustered	VC_78_0	30	KP966108|Burkholderia_phage_AP3-Aptresvirus_AP3-Aptresvirus-Peduoviridae--Caudoviricetes-Uroviricota-Heunggongvirae-Duplodnaviria-Viruses-dsDNA	MT701591|Burkholderia_phage_Mana-Aptresvirus_mana-Aptresvirus-Peduoviridae--Caudoviricetes-Uroviricota-Heunggongvirae-Duplodnaviria-Viruses-dsDNA	Aptresvirus	Peduoviridae	-	Caudoviricetes	0.912232222	0.762660652	0.885714286	0.971327367	0.884615385	0.95954046	0.87963367	Closely related
MZ334526|Halorubrum_tailed_virus_29-Dpdavirus_HRTV29-Dpdavirus-Haloferuviridae-Kirjokansivirales-Caudoviricetes-Uroviricota-Heunggongvirae-Duplodnaviria-Viruses-dsDNA	Halovirus~HRTV-4	82.36257199	Saldibavirus	Haloferuviridae	Kirjokansivirales	Caudoviricetes	preVC_12	Clustered	VC_12_0	2	MZ334526|Halorubrum_tailed_virus_29-Dpdavirus_HRTV29-Dpdavirus-Haloferuviridae-Kirjokansivirales-Caudoviricetes-Uroviricota-Heunggongvirae-Duplodnaviria-Viruses-dsDNA	KC292023|Halorubrum_tailed_virus_4-Saldibavirus_HRTV4-Saldibavirus-Haloferuviridae-Kirjokansivirales-Caudoviricetes-Uroviricota-Heunggongvirae-Duplodnaviria-Viruses-dsDNA	Saldibavirus	Haloferuviridae	Kirjokansivirales	Caudoviricetes	0.792285	0.325443433	0.133333333	0.949847205	1	0.975930935	0.606653955	Related
MK310226|Halobacterium_phage_ChaoS9-Chaovirus_ChaoS9-Chaovirus-Vertoviridae--Caudoviricetes-Uroviricota-Heunggongvirae-Duplodnaviria-Viruses-dsDNA	Natrialba~phage~PhiCh1	63.94787101	Myohalovirus	Vertoviridae	-	Caudoviricetes	preVC_13	Clustered	VC_13_0	2	MK310226|Halobacterium_phage_ChaoS9-Chaovirus_ChaoS9-Chaovirus-Vertoviridae--Caudoviricetes-Uroviricota-Heunggongvirae-Duplodnaviria-Viruses-dsDNA	MK450543|Natrialba_phage_PhiCh1-Myohalovirus_phiCh1-Myohalovirus-Vertoviridae--Caudoviricetes-Uroviricota-Heunggongvirae-Duplodnaviria-Viruses-dsDNA	Myohalovirus	Vertoviridae	-	Caudoviricetes	0.879868	0.265217222	0.476190476	0.926513298	0.891304348	0.942859097	0.667383986	Related
MW980066|Rhizobium_phage_RHEph16-Acanvirus_Rheph16-Acanvirus-Schitoviridae--Caudoviricetes-Uroviricota-Heunggongvirae-Duplodnaviria-Viruses-dsDNA	Escherichia~phage~N4	63.87265858	Enquiatrovirus	Schitoviridae	-	Caudoviricetes	preVC_27	Clustered	VC_27_1	15	MW980066|Rhizobium_phage_RHEph16-Acanvirus_Rheph16-Acanvirus-Schitoviridae--Caudoviricetes-Uroviricota-Heunggongvirae-Duplodnaviria-Viruses-dsDNA	MN988497|Rhizobium_phage_RHph_Y2_6-Acanvirus_Y26-Acanvirus-Schitoviridae--Caudoviricetes-Uroviricota-Heunggongvirae-Duplodnaviria-Viruses-dsDNA	Acanvirus	Schitoviridae	-	Caudoviricetes	0.924418947	0.827785158	1	0.988294766	0.940594059	0.985494292	0.929381247	Closely related
KY442063|Staphylococcus_phage_Andhra-Andhravirus_andhra-Andhravirus-Rountreeviridae--Caudoviricetes-Uroviricota-Heunggongvirae-Duplodnaviria-Viruses-dsDNA	Staphylococcus~phage~BP39	44.87255169	Rosenblumvirus	Rountreeviridae	-	Caudoviricetes	preVC_256	Clustered	VC_256_0	9	KY442063|Staphylococcus_phage_Andhra-Andhravirus_andhra-Andhravirus-Rountreeviridae--Caudoviricetes-Uroviricota-Heunggongvirae-Duplodnaviria-Viruses-dsDNA	KY471386|Staphylococcus_phage_St_134-Andhravirus_St134-Andhravirus-Rountreeviridae--Caudoviricetes-Uroviricota-Heunggongvirae-Duplodnaviria-Viruses-dsDNA	Andhravirus	Rountreeviridae	-	Caudoviricetes	0.913151667	0.907734286	1	0.971560505	0.952380952	0.985387685	0.943924406	Closely related
MT732435|Cellulophaga_phage_Ingeline_1-Ingelinevirus_ingeline-Ingelinevirus-Duneviridae--Caudoviricetes-Uroviricota-Heunggongvirae-Duplodnaviria-Viruses-dsDNA	Flavobacterium~phage~2A	24.83403222	Unahavirus	Duneviridae	-	Caudoviricetes	-	Outlier	-	-	MT732435|Cellulophaga_phage_Ingeline_1-Ingelinevirus_ingeline-Ingelinevirus-Duneviridae--Caudoviricetes-Uroviricota-Heunggongvirae-Duplodnaviria-Viruses-dsDNA	KC821620|Cellulophaga_phage_phi18_3-Baltivirus_phi18tres-Baltivirus-Pachyviridae--Caudoviricetes-Uroviricota-Heunggongvirae-Duplodnaviria-Viruses-dsDNA	Baltivirus	Pachyviridae	-	Caudoviricetes	0.89381	0.0571208	0.137931034	0.746249814	0.446428571	0.596615484	0.472781439	Distantly related
MN988521|Rhizobium_phage_RHph_TM30-Cuauhnahuacvirus_TM30-Cuauhnahuacvirus-Kleczkowskaviridae--Caudoviricetes-Uroviricota-Heunggongvirae-Duplodnaviria-Viruses-dsDNA	Bacillus~phage~SP-15	5.015207723	Thornevirus	-	-	Caudoviricetes	preVC_102	Clustered/Singleton	VC_102_1	1	MN988521|Rhizobium_phage_RHph_TM30-Cuauhnahuacvirus_TM30-Cuauhnahuacvirus-Kleczkowskaviridae--Caudoviricetes-Uroviricota-Heunggongvirae-Duplodnaviria-Viruses-dsDNA	MN988525|Rhizobium_phage_RHph_Y65-Cuauhnahuacvirus_Y65-Cuauhnahuacvirus-Kleczkowskaviridae--Caudoviricetes-Uroviricota-Heunggongvirae-Duplodnaviria-Viruses-dsDNA	Cuauhnahuacvirus	Kleczkowskaviridae	-	Caudoviricetes	0.9593425	0.91314371	0.962962963	0.994175245	1	0.996137229	0.959632779	Closely related
MT732458|Polaribacter_phage_Danklef_1-Freyavirus_danklef-Freyavirus-Forsetiviridae--Caudoviricetes-Uroviricota-Heunggongvirae-Duplodnaviria-Viruses-dsDNA	Cellulophaga~phage~phi19:1	3.698461645	Cellubavirus	Assiduviridae	-	Caudoviricetes	-	Outlier	-	-	MT732458|Polaribacter_phage_Danklef_1-Freyavirus_danklef-Freyavirus-Forsetiviridae--Caudoviricetes-Uroviricota-Heunggongvirae-Duplodnaviria-Viruses-dsDNA	MT732463|Polaribacter_phage_Freya_1-Freyavirus_freya-Freyavirus-Forsetiviridae--Caudoviricetes-Uroviricota-Heunggongvirae-Duplodnaviria-Viruses-dsDNA	Freyavirus	Forsetiviridae	-	Caudoviricetes	0.945091111	0.654945658	0.75	0.962263323	0.855263158	0.932013733	0.832124047	Closely related
																								
																								
																								
																								
																								
																								
																								
																								
																								
																								
																								
																								
																								
																								
